paragraph,label
"For 130 years, Flexsteel has been passionate about  the full support of our Board of Directors, energized  building high-quality, comfortable furniture that’s  by the enthusiasm of our associates, and guided by  designed for living and built for a lifetime","[0.154, 0.015, 0.038, 0.026, 0.017, 0.039, 0.006, 0.042, 0.131, 0.021, 0.048, 0.009, 0.036, 0.02, 0.006, 0.024, 0.03, 0.028, 0.031, 0.024, 0.029, 0.036, 0.021, 0.044, 0.026, 0.018, 0.012]"
our dedicated ESG team who will lead our mission for  tremendous pride in the craftsmanship that lies  years to come,"[0.101, 0.022, 0.06, 0.029, 0.014, 0.047, 0.007, 0.029, 0.113, 0.018, 0.041, 0.009, 0.051, 0.037, 0.008, 0.021, 0.021, 0.041, 0.026, 0.029, 0.022, 0.018, 0.03, 0.043, 0.053, 0.043, 0.013]"
at the heart of all our products because it reflects  our unwavering commitment to excellence,"[0.113, 0.018, 0.069, 0.031, 0.021, 0.036, 0.007, 0.027, 0.145, 0.027, 0.067, 0.011, 0.035, 0.026, 0.009, 0.021, 0.024, 0.046, 0.021, 0.02, 0.023, 0.025, 0.024, 0.026, 0.027, 0.031, 0.007]"
"commitment is what drives us in our relentless  pursuit of quality, resulting in durable furniture that  can be passed down from generation to generation","[0.116, 0.01, 0.056, 0.033, 0.019, 0.027, 0.004, 0.021, 0.212, 0.023, 0.056, 0.012, 0.022, 0.034, 0.006, 0.02, 0.044, 0.023, 0.016, 0.015, 0.034, 0.027, 0.021, 0.015, 0.018, 0.015, 0.008]"
"We have been intentional in the review of our  business, regularly identifying new opportunities  to make an impact, assessing everything from the  way we design our products, to the way we source  materials, and even how we work with suppliers","[0.038, 0.027, 0.043, 0.025, 0.028, 0.018, 0.016, 0.035, 0.046, 0.05, 0.03, 0.041, 0.027, 0.033, 0.028, 0.021, 0.021, 0.137, 0.01, 0.032, 0.021, 0.044, 0.052, 0.029, 0.048, 0.036, 0.015]"
"At our very core, our drive stems from a profound  And, as this report shows, these efforts have already  sense of purpose, rooted in our respect for people, our  resulted in some impactful changes to the way we do  communities, and our planet. We are dedicated to  business. As we look ahead to the next year, we intend  making a positive difference wherever we can, guided  to expand upon our commitment to ESG initiatives  by the belief that not only is it simply the right thing  and further formalize the structure of our program by  to do, but it’s also the right thing for our business","[0.01, 0.026, 0.026, 0.007, 0.014, 0.009, 0.03, 0.021, 0.025, 0.033, 0.029, 0.037, 0.033, 0.084, 0.03, 0.016, 0.029, 0.03, 0.018, 0.029, 0.017, 0.01, 0.017, 0.039, 0.061, 0.213, 0.024]"
setting tangible goals for continued progress,"[0.035, 0.019, 0.058, 0.021, 0.022, 0.02, 0.01, 0.029, 0.108, 0.045, 0.046, 0.042, 0.03, 0.026, 0.024, 0.018, 0.023, 0.127, 0.016, 0.017, 0.021, 0.029, 0.042, 0.026, 0.031, 0.042, 0.018]"
"Humility is a fundamental aspect of our culture and  We are personally committed to this crucial mission  ensures we prioritize doing the right thing without  and our greater purpose, and we are excited about  seeking undue recognition. However, as a results- what lies ahead. More importantly, we are committed  driven organization, we understand the importance  to achieving real change that makes a lasting positive  of measuring our progress, continuously improving,  impact","[0.041, 0.029, 0.061, 0.021, 0.022, 0.021, 0.012, 0.031, 0.102, 0.035, 0.046, 0.039, 0.038, 0.03, 0.024, 0.02, 0.024, 0.1, 0.014, 0.018, 0.02, 0.023, 0.046, 0.03, 0.035, 0.05, 0.017]"
"and taking accountability to maximize our positive  impact on people, communities, and the planet","[0.044, 0.028, 0.027, 0.028, 0.022, 0.017, 0.015, 0.038, 0.075, 0.039, 0.02, 0.037, 0.032, 0.033, 0.014, 0.039, 0.031, 0.091, 0.019, 0.032, 0.03, 0.023, 0.042, 0.039, 0.066, 0.04, 0.035]"
"recognize the need to formalize our commitment,  and this inaugural sustainability report signifies our  first step in that direction","[0.127, 0.013, 0.045, 0.031, 0.018, 0.026, 0.006, 0.027, 0.169, 0.025, 0.037, 0.014, 0.029, 0.026, 0.009, 0.022, 0.032, 0.049, 0.025, 0.016, 0.028, 0.029, 0.025, 0.037, 0.027, 0.023, 0.013]"
Deeply held values infuse everything we do at Flexsteel,"[0.091, 0.007, 0.058, 0.024, 0.017, 0.028, 0.004, 0.02, 0.204, 0.029, 0.104, 0.015, 0.024, 0.023, 0.01, 0.018, 0.025, 0.03, 0.019, 0.013, 0.029, 0.047, 0.021, 0.02, 0.012, 0.014, 0.005]"
"Our six core values drive us forward as a business and  Flexsteel Industries, Inc. is a premier manufacturer  shape our efforts to be good corporate citizens who  and distributor of residential furniture known for its  care for the environment and one another, and who are  lasting beauty and enduring comfort. Our commitment  passionate about the needs in our own communities","[0.087, 0.014, 0.056, 0.015, 0.014, 0.036, 0.006, 0.036, 0.11, 0.025, 0.173, 0.009, 0.048, 0.015, 0.008, 0.016, 0.019, 0.016, 0.02, 0.025, 0.025, 0.056, 0.017, 0.043, 0.011, 0.02, 0.004]"
to excellence is grounded in the small but important  details developed over the last 130 years. The skills of our  employees are unmatched and so is their craftsmanship,"[0.099, 0.014, 0.061, 0.021, 0.014, 0.035, 0.005, 0.029, 0.152, 0.026, 0.132, 0.01, 0.034, 0.018, 0.01, 0.015, 0.022, 0.02, 0.024, 0.019, 0.027, 0.046, 0.015, 0.037, 0.012, 0.022, 0.006]"
"Creating a sense of belonging for all by offering an  environment that seeks, welcomes, respects, and values  characteristics that define each of our three exceptional  the contributions of all individuals and groups equally","[0.043, 0.039, 0.032, 0.02, 0.025, 0.018, 0.02, 0.042, 0.048, 0.047, 0.022, 0.028, 0.033, 0.027, 0.02, 0.021, 0.024, 0.128, 0.01, 0.032, 0.018, 0.026, 0.048, 0.041, 0.064, 0.053, 0.021]"
Having the autonomy to use information and knowledge  Flexsteel® combines heritage with innovation. At the heart  to influence and make business decisions,"[0.022, 0.035, 0.051, 0.023, 0.038, 0.016, 0.02, 0.027, 0.026, 0.075, 0.037, 0.042, 0.02, 0.034, 0.068, 0.015, 0.023, 0.091, 0.008, 0.042, 0.025, 0.043, 0.024, 0.023, 0.048, 0.059, 0.018]"
"inspired our company’s name. Flexsteel® is carried by  Ability and capability to efficiently respond to different  more than 1,300 retailers nationwide and is renowned for  and/or changing requirements","[0.071, 0.008, 0.073, 0.026, 0.019, 0.023, 0.005, 0.021, 0.192, 0.029, 0.104, 0.022, 0.027, 0.032, 0.009, 0.021, 0.031, 0.026, 0.013, 0.02, 0.033, 0.04, 0.024, 0.013, 0.015, 0.018, 0.005]"
its handcrafted upholstered and wood furniture products,"[0.093, 0.041, 0.065, 0.038, 0.02, 0.051, 0.014, 0.027, 0.065, 0.016, 0.031, 0.01, 0.057, 0.041, 0.014, 0.024, 0.023, 0.045, 0.031, 0.026, 0.019, 0.016, 0.039, 0.042, 0.059, 0.033, 0.013]"
"homestyles™ offers creative, space-saving furniture  that combines exceptional design and outstanding  functionality. It sells direct to consumers and through  online retail partners, such as Amazon and Wayfair","[0.019, 0.022, 0.02, 0.017, 0.03, 0.015, 0.021, 0.036, 0.029, 0.06, 0.02, 0.046, 0.026, 0.033, 0.032, 0.02, 0.019, 0.134, 0.01, 0.038, 0.018, 0.046, 0.059, 0.039, 0.073, 0.038, 0.026]"
"Charisma™ is our newest brand and is designed for  consumers who are seeking quality, stylish furniture at  affordable prices","[0.101, 0.013, 0.055, 0.02, 0.015, 0.034, 0.006, 0.031, 0.141, 0.029, 0.134, 0.01, 0.04, 0.016, 0.008, 0.017, 0.026, 0.015, 0.016, 0.031, 0.034, 0.05, 0.015, 0.031, 0.015, 0.021, 0.005]"
Seeing through the lens of channel partners and  consumers to drive excellent customer service,"[0.049, 0.021, 0.081, 0.018, 0.021, 0.03, 0.01, 0.031, 0.098, 0.035, 0.152, 0.022, 0.048, 0.021, 0.018, 0.017, 0.021, 0.025, 0.016, 0.03, 0.025, 0.045, 0.02, 0.034, 0.014, 0.03, 0.005]"
Accountability for delivering results to all internal and  external stakeholders,"[0.038, 0.029, 0.026, 0.023, 0.03, 0.018, 0.019, 0.044, 0.041, 0.053, 0.017, 0.03, 0.024, 0.029, 0.02, 0.023, 0.021, 0.141, 0.014, 0.035, 0.02, 0.034, 0.042, 0.045, 0.065, 0.04, 0.027]"
"1,550 people worldwide to infuse their time and talents  Challenge the status quo and find ways to improve all  with robust processes to make products that will last our  areas around you","[0.062, 0.042, 0.06, 0.032, 0.016, 0.032, 0.015, 0.033, 0.063, 0.02, 0.049, 0.014, 0.061, 0.041, 0.01, 0.023, 0.022, 0.059, 0.021, 0.028, 0.021, 0.017, 0.039, 0.04, 0.059, 0.061, 0.017]"
"“At Flexsteel, we believe doing the right thing is always  good business. That’s why we are elevating ESG as a  strategic imperative, helping to create a bright future for  our business, our people, and our planet","[0.047, 0.019, 0.072, 0.023, 0.024, 0.021, 0.01, 0.029, 0.111, 0.045, 0.059, 0.036, 0.03, 0.024, 0.025, 0.018, 0.022, 0.106, 0.017, 0.018, 0.021, 0.035, 0.034, 0.027, 0.024, 0.038, 0.012]"
"We foster a culture of innovation and collaboration within our  company, encouraging employees to contribute to positive  Improving lives and creating a better future has always  change not only at work but also in their communities","[0.035, 0.018, 0.023, 0.027, 0.026, 0.022, 0.014, 0.039, 0.047, 0.063, 0.027, 0.031, 0.019, 0.04, 0.015, 0.021, 0.023, 0.122, 0.016, 0.036, 0.025, 0.053, 0.034, 0.051, 0.056, 0.039, 0.03]"
"been at the forefront of our minds, motivating us to create  By embracing ESG principles, we not only contribute  high-quality furniture that can be passed down to children  to a sustainable future but also enhance our resilience,  and grandchildren. We conduct our business in an ethical  competitiveness, and long-term value for all stakeholders","[0.049, 0.026, 0.063, 0.023, 0.025, 0.022, 0.011, 0.03, 0.098, 0.04, 0.043, 0.034, 0.034, 0.024, 0.026, 0.02, 0.023, 0.117, 0.017, 0.019, 0.019, 0.026, 0.04, 0.029, 0.034, 0.044, 0.014]"
"and responsible manner because we are driven by a  We remain confident our efforts can help create a better  higher purpose to always do the right thing and do what  world for future generations. In this report, we highlight the  we can to positively impact the lives and communities of  work we have done to date – and our future plans – to help  all our stakeholders","[0.056, 0.024, 0.059, 0.024, 0.021, 0.019, 0.01, 0.031, 0.116, 0.036, 0.047, 0.033, 0.036, 0.026, 0.019, 0.022, 0.024, 0.097, 0.016, 0.019, 0.021, 0.028, 0.039, 0.032, 0.033, 0.045, 0.014]"
"build a healthy planet, healthy people, and a healthy culture","[0.068, 0.013, 0.066, 0.018, 0.016, 0.029, 0.006, 0.03, 0.145, 0.03, 0.157, 0.015, 0.041, 0.017, 0.011, 0.016, 0.02, 0.023, 0.021, 0.019, 0.025, 0.051, 0.018, 0.031, 0.01, 0.021, 0.005]"
"Our approach draws on a benchmark review of our  and sustainable practices. We understand that considering  peers, the ESG frameworks of SASB and TCFD, and the  environmental, social, and governance factors is crucial for  ESG ratings agencies MSCI, Sustainalytics, and ISS ESG","[0.046, 0.025, 0.032, 0.023, 0.029, 0.018, 0.017, 0.043, 0.053, 0.056, 0.022, 0.031, 0.025, 0.03, 0.02, 0.02, 0.024, 0.138, 0.013, 0.032, 0.022, 0.041, 0.043, 0.041, 0.049, 0.036, 0.02]"
"creating long-term value and managing risks, which is why  The insights of our investors and internal and external  we are committed to integrating ESG considerations into our  stakeholders help ensure our focus is both good for the  decision-making processes and operations at all levels of our  world and good for our business","[0.101, 0.009, 0.067, 0.026, 0.016, 0.032, 0.004, 0.025, 0.183, 0.026, 0.114, 0.012, 0.028, 0.022, 0.007, 0.017, 0.024, 0.022, 0.019, 0.018, 0.03, 0.045, 0.019, 0.021, 0.011, 0.014, 0.004]"
"organization. By doing so, we remain focused on achieving a  healthy balance between economic growth, social progress,  and environmental stewardship","[0.118, 0.009, 0.06, 0.028, 0.017, 0.028, 0.004, 0.025, 0.192, 0.025, 0.086, 0.013, 0.025, 0.019, 0.01, 0.018, 0.023, 0.03, 0.023, 0.014, 0.028, 0.044, 0.019, 0.027, 0.012, 0.014, 0.006]"
"We actively engage with all stakeholders, because we believe  that involving diverse voices and opinions will lead to more  impactful outcomes as we build out our ESG initiatives","[0.079, 0.049, 0.077, 0.038, 0.027, 0.034, 0.016, 0.028, 0.055, 0.017, 0.059, 0.016, 0.05, 0.048, 0.02, 0.028, 0.022, 0.052, 0.024, 0.019, 0.019, 0.025, 0.044, 0.039, 0.035, 0.028, 0.008]"
"And although we are early in our journey, we remain  ESG matters at Flexsteel are overseen by the Board of  Directors through our Nominating and Governance  Committee and championed by all Board members,  ensuring it remains central to every decision we take","[0.014, 0.023, 0.024, 0.008, 0.012, 0.008, 0.023, 0.019, 0.037, 0.031, 0.034, 0.034, 0.028, 0.078, 0.022, 0.017, 0.033, 0.031, 0.016, 0.023, 0.019, 0.01, 0.016, 0.041, 0.062, 0.221, 0.028]"
"committed to continuously evaluating and improving our  ESG initiatives are sponsored by an executive steering  ESG performance by setting measurable targets, monitoring  committee comprised of key leaders representing  key performance indicators, and implementing strategies to  diverse functional areas, including supply chain, product  address risks and seize opportunities","[0.078, 0.009, 0.067, 0.026, 0.018, 0.024, 0.004, 0.019, 0.213, 0.03, 0.094, 0.018, 0.025, 0.023, 0.011, 0.017, 0.025, 0.038, 0.019, 0.012, 0.027, 0.04, 0.021, 0.018, 0.011, 0.018, 0.005]"
"development, and human resources, who ensure  adequate resource allocation and organizational focus to  execute and achieve our goals. A significant number of our  improvement plans are executed by two dedicated ESG  managers, one of whom is based in Asia","[0.069, 0.016, 0.065, 0.027, 0.02, 0.02, 0.007, 0.023, 0.192, 0.029, 0.037, 0.025, 0.032, 0.026, 0.014, 0.02, 0.034, 0.072, 0.017, 0.013, 0.025, 0.02, 0.034, 0.019, 0.028, 0.028, 0.014]"
"in the American Home Furnishings Alliance, the  premier authority and advocate on all health, safety, and  environmental information related to home furnishings","[0.047, 0.022, 0.08, 0.024, 0.021, 0.025, 0.01, 0.028, 0.115, 0.042, 0.076, 0.033, 0.034, 0.023, 0.024, 0.017, 0.02, 0.076, 0.021, 0.018, 0.022, 0.03, 0.027, 0.033, 0.021, 0.046, 0.012]"
"At Flexsteel, we care deeply about protecting and improving  effort to select and source standardized components  the environment for future generations. We are determined  whenever possible. This minimizes part obsolescence and  to do our part in helping address the challenges of climate  makes it easier to repair and service products when they  change by leading initiatives to lessen the impact our  are in use. Our replacement parts program extends to over  products and operations have on the environment. To date,  1,000 components, encouraging our customers to choose  our efforts have been focused on laying the foundations  repair over replacement, which in turn extends the lifespan  for success: gathering data across our business and wider  of products and promotes circularity","[0.04, 0.025, 0.026, 0.024, 0.02, 0.016, 0.014, 0.039, 0.065, 0.041, 0.024, 0.034, 0.026, 0.035, 0.013, 0.034, 0.026, 0.093, 0.02, 0.03, 0.025, 0.021, 0.031, 0.051, 0.071, 0.07, 0.037]"
supply chain and strengthening our processes,"[0.188, 0.033, 0.033, 0.024, 0.021, 0.04, 0.011, 0.053, 0.078, 0.02, 0.048, 0.006, 0.042, 0.019, 0.011, 0.026, 0.027, 0.022, 0.032, 0.021, 0.018, 0.035, 0.025, 0.057, 0.017, 0.015, 0.005]"
"Looking ahead, it is vital for us to develop products  We have engaged with third-party specialists to help us  that have sustainability in mind, while still providing  calculate greenhouse gas (GHG) emissions for all assets  exceptional comfort and quality. This work has already  under our operational control in an effort to understand  started. We are proud to launch innovative products  how we can best mitigate our impact from our direct  this year, like the Sky and Flex™ seating lines that utilize  operations and beyond. As we look forward, we will  sustainably harvested wood and a higher proportion of  continue this work and extend it to our entire value chain  recycled materials","[0.117, 0.019, 0.049, 0.026, 0.011, 0.033, 0.006, 0.027, 0.13, 0.015, 0.074, 0.008, 0.045, 0.039, 0.006, 0.021, 0.022, 0.025, 0.021, 0.023, 0.023, 0.024, 0.024, 0.054, 0.039, 0.046, 0.009]"
in preparation to set targets and make evidence-based  decisions that have a real impact in every area of our  product portfolio and business,"[0.02, 0.032, 0.09, 0.024, 0.035, 0.019, 0.013, 0.023, 0.058, 0.075, 0.046, 0.046, 0.026, 0.026, 0.053, 0.015, 0.025, 0.084, 0.01, 0.038, 0.027, 0.029, 0.02, 0.015, 0.035, 0.052, 0.015]"
"Our products are built to last and intended to be handed  down from generation to generation. Our Flexsteel  branded upholstered products are backed by a limited  lifetime warranty, and we are proud to say that we expertly  service warranty requests for products that sometimes  exceed 40 years old","[0.109, 0.013, 0.057, 0.027, 0.014, 0.029, 0.004, 0.023, 0.196, 0.023, 0.062, 0.012, 0.031, 0.024, 0.009, 0.018, 0.027, 0.042, 0.02, 0.014, 0.025, 0.025, 0.023, 0.03, 0.023, 0.027, 0.01]"
"These products are made using wood from responsibly  managed forests, following strict environmental, social, and  economic standards set by the Sustainable Forestry Initiative  (SFI). They also incorporate recycled fabrics to reduce our  consumption of new materials. For transportation, we use  recyclable honeycomb cardboard and packaging","[0.047, 0.025, 0.028, 0.026, 0.025, 0.02, 0.015, 0.045, 0.052, 0.05, 0.023, 0.027, 0.024, 0.035, 0.014, 0.024, 0.023, 0.125, 0.016, 0.035, 0.023, 0.038, 0.037, 0.051, 0.057, 0.042, 0.025]"
"Our new Sky seating line uses a cushion filling called  CloudLux™, made from recycled plastic bottles","[0.133, 0.017, 0.04, 0.025, 0.013, 0.029, 0.007, 0.034, 0.123, 0.02, 0.073, 0.011, 0.041, 0.023, 0.007, 0.024, 0.024, 0.023, 0.022, 0.026, 0.032, 0.035, 0.019, 0.056, 0.03, 0.038, 0.012]"
"hypoallergenic and sustainable. And we are excited to share  that every 3-piece Sky sofa helps prevent 730 plastic water  This commitment to longevity strongly resonates with  bottles from entering waterways and landfills. Additionally,  today’s consumers because it not only extends the value of  Sky seating is available in two fabrics made from LiveSmart  the furniture but also its lifecycle. This focus allows us to use  Evolve™ polyester, which includes recycled materials like   fewer virgin materials in the long term, and it generates  post-consumer plastic bottles and pre-consumer fiber waste","[0.11, 0.01, 0.052, 0.024, 0.017, 0.025, 0.004, 0.022, 0.221, 0.023, 0.058, 0.014, 0.029, 0.024, 0.008, 0.019, 0.029, 0.037, 0.019, 0.013, 0.025, 0.03, 0.026, 0.025, 0.018, 0.017, 0.007]"
less waste because we’re investing thoughtfully in quality  from the start. It gives us a strong foundation to build on as  we improve the positive impact of our products,"[0.039, 0.037, 0.083, 0.03, 0.033, 0.022, 0.012, 0.024, 0.067, 0.065, 0.053, 0.028, 0.023, 0.03, 0.043, 0.015, 0.027, 0.072, 0.011, 0.035, 0.029, 0.032, 0.016, 0.022, 0.033, 0.059, 0.014]"
"Accelerating our progress is a shared undertaking, which is  why we are drawing on industry bodies and wider industry  expertise to support us in our mission, like our membership  We are excited to bring these products to the market and are  looking forward to designing and creating more products  with these features in the years to come. Ultimately, our goal  is for all new products to follow the same rigorous approach  to meet the growing demand for sustainable home  furnishings and fulfill our sustainability goals","[0.02, 0.025, 0.031, 0.01, 0.016, 0.009, 0.027, 0.021, 0.053, 0.038, 0.03, 0.031, 0.034, 0.057, 0.016, 0.018, 0.04, 0.036, 0.017, 0.025, 0.02, 0.009, 0.014, 0.038, 0.058, 0.205, 0.024]"
"The materials we use reflect our commitment to doing  what’s right for people and the planet. We have high  This data expansion will give us a complete picture and  transparency on our most environmentally responsible  options, hugely benefiting future product development","[0.031, 0.05, 0.063, 0.02, 0.046, 0.022, 0.028, 0.031, 0.026, 0.055, 0.022, 0.04, 0.03, 0.021, 0.082, 0.017, 0.022, 0.09, 0.012, 0.03, 0.02, 0.022, 0.037, 0.029, 0.051, 0.038, 0.017]"
"standards in every aspect of our operations and actively  In addition, we are actively working to establish new eco- review our processes to ensure robust and responsible  packaging standards for all our product categories","[0.041, 0.025, 0.025, 0.024, 0.027, 0.019, 0.017, 0.047, 0.045, 0.053, 0.02, 0.031, 0.025, 0.034, 0.016, 0.028, 0.022, 0.119, 0.017, 0.041, 0.023, 0.04, 0.038, 0.048, 0.062, 0.04, 0.025]"
material-sourcing practices across all our operations,"[0.164, 0.015, 0.033, 0.028, 0.017, 0.026, 0.006, 0.038, 0.138, 0.023, 0.045, 0.008, 0.033, 0.024, 0.007, 0.024, 0.034, 0.024, 0.027, 0.024, 0.032, 0.041, 0.019, 0.044, 0.023, 0.019, 0.01]"
objective is to phase out our use of Styrofoam and replace it  Wood has been a focus in this work because it is a key  component for us. In the 2023 fiscal year we developed a  comprehensive database of sourced Flexsteel products that  contain wood fiber. This database serves as a starting point  to determine the amount of sustainable wood used in our  products and will help us track our progress in the future,"[0.19, 0.025, 0.025, 0.022, 0.021, 0.046, 0.011, 0.056, 0.069, 0.02, 0.051, 0.005, 0.045, 0.015, 0.01, 0.024, 0.027, 0.016, 0.034, 0.026, 0.02, 0.049, 0.022, 0.06, 0.017, 0.013, 0.006]"
We prioritize timber and wood fiber that is legally  harvested and sourced responsibly using environmentally  and socially sustainable forestry practices,"[0.029, 0.015, 0.094, 0.024, 0.024, 0.023, 0.008, 0.02, 0.119, 0.048, 0.107, 0.045, 0.032, 0.025, 0.026, 0.018, 0.023, 0.047, 0.014, 0.027, 0.029, 0.037, 0.02, 0.017, 0.022, 0.04, 0.009]"
•  Best is FSC Certified Wood – wood that is from forests  managed in line with Forest Stewardship Council  principles and criteria,"[0.073, 0.033, 0.045, 0.03, 0.017, 0.018, 0.012, 0.037, 0.083, 0.029, 0.052, 0.031, 0.029, 0.027, 0.019, 0.031, 0.029, 0.053, 0.031, 0.016, 0.024, 0.021, 0.021, 0.066, 0.032, 0.069, 0.028]"
"•  Better is PEFC, SFI, or FSC Controlled Wood –  wood that is from forests with Programme for the  Endorsement of Forest Certification, Sustainable  Forestry Initiative certification, or wood that mixes  FSC-certified material with non-certified materials  grown and harvested under controlled conditions","[0.09, 0.013, 0.062, 0.02, 0.016, 0.027, 0.005, 0.032, 0.146, 0.028, 0.142, 0.012, 0.035, 0.018, 0.009, 0.018, 0.02, 0.023, 0.023, 0.02, 0.025, 0.049, 0.016, 0.037, 0.012, 0.022, 0.005]"
•  Good is wood that is certified by a local or national  authority in countries with low risk of illegal logging,"[0.062, 0.009, 0.07, 0.023, 0.019, 0.023, 0.006, 0.02, 0.181, 0.033, 0.117, 0.025, 0.03, 0.022, 0.015, 0.019, 0.021, 0.04, 0.022, 0.013, 0.026, 0.048, 0.023, 0.02, 0.011, 0.019, 0.005]"
"In the 2023 fiscal year, we sourced 17,530 cubic meters of  wood through third party suppliers of sourced finished  goods. Of this, 21% was sourced from third-party certified  forestlands: 11% was classified as Best and 10% was classified  as Good. The remainder was all legally logged under the  requirements of the Lacey Act, a 2008 Farm Bill that combats  illegal trafficking of plant and timber materials","[0.022, 0.013, 0.028, 0.011, 0.009, 0.013, 0.008, 0.019, 0.081, 0.034, 0.072, 0.017, 0.019, 0.137, 0.02, 0.018, 0.033, 0.027, 0.014, 0.019, 0.035, 0.029, 0.023, 0.033, 0.042, 0.136, 0.016]"
"In the next year, we will strive to secure similar detailed  information for wood used by our own manufacturing facilities","[0.088, 0.024, 0.052, 0.03, 0.024, 0.02, 0.011, 0.031, 0.106, 0.031, 0.039, 0.023, 0.032, 0.026, 0.019, 0.025, 0.026, 0.091, 0.022, 0.016, 0.021, 0.027, 0.033, 0.04, 0.036, 0.042, 0.014]"
"with honeycomb cardboard, which is considerably easier to  recycle. This change not only reduces waste but also enhances  convenience for our customers while maintaining the high  quality they expect from us.  We are proud to share that we  have already successfully implemented these modifications  for one of our newest product lines, and we have plans to  introduce similar changes to further product lines","[0.086, 0.008, 0.064, 0.032, 0.021, 0.025, 0.005, 0.019, 0.202, 0.027, 0.065, 0.02, 0.022, 0.04, 0.007, 0.023, 0.047, 0.022, 0.012, 0.02, 0.039, 0.028, 0.024, 0.011, 0.022, 0.017, 0.007]"
"Extending our commitment to sustainable materials  sourcing, we have implemented a well-established process  of annually surveying all our suppliers and internal locations  to identify and eliminate any use in our products of conflict  minerals that directly or indirectly finance or benefit armed  groups in the DRC and surrounding countries. This process  confirms that there is no indication at this time that any  of our products incorporate any conflict minerals","[0.026, 0.016, 0.083, 0.02, 0.024, 0.025, 0.01, 0.021, 0.109, 0.055, 0.114, 0.039, 0.038, 0.021, 0.026, 0.018, 0.02, 0.051, 0.016, 0.032, 0.024, 0.038, 0.019, 0.019, 0.024, 0.047, 0.008]"
outcomes of these surveys are reported to the Securities  and Exchange Commission,"[0.123, 0.016, 0.05, 0.02, 0.013, 0.039, 0.006, 0.036, 0.111, 0.019, 0.155, 0.006, 0.038, 0.016, 0.008, 0.016, 0.021, 0.012, 0.025, 0.019, 0.026, 0.052, 0.014, 0.048, 0.011, 0.019, 0.005]"
include all materials and packaging used in all our products,"[0.102, 0.008, 0.064, 0.029, 0.017, 0.027, 0.005, 0.022, 0.196, 0.025, 0.094, 0.014, 0.027, 0.028, 0.006, 0.02, 0.034, 0.02, 0.015, 0.019, 0.035, 0.038, 0.02, 0.015, 0.015, 0.015, 0.005]"
2022 ESG ReportProduct Quality and Safety At the core of our operations lies a deep commitment  to the enduring quality and safety of our products,"[0.058, 0.031, 0.035, 0.027, 0.018, 0.016, 0.014, 0.037, 0.074, 0.031, 0.037, 0.032, 0.03, 0.03, 0.016, 0.035, 0.027, 0.073, 0.027, 0.02, 0.021, 0.019, 0.025, 0.061, 0.047, 0.085, 0.029]"
recognize that our products will spend a significantly  longer time in our customers’ homes than they ever will  in our factories. This awareness drives us to prioritize and  uphold the highest standards throughout our entire  manufacturing process,"[0.184, 0.017, 0.033, 0.024, 0.018, 0.033, 0.006, 0.04, 0.124, 0.016, 0.056, 0.006, 0.028, 0.026, 0.01, 0.021, 0.036, 0.021, 0.035, 0.013, 0.028, 0.041, 0.019, 0.048, 0.015, 0.014, 0.01]"
"We have implemented comprehensive product, safety,  and compliance testing programs at each of our sites","[0.025, 0.039, 0.054, 0.025, 0.044, 0.018, 0.022, 0.027, 0.024, 0.07, 0.035, 0.043, 0.02, 0.034, 0.083, 0.016, 0.025, 0.074, 0.007, 0.045, 0.027, 0.043, 0.024, 0.02, 0.044, 0.05, 0.017]"
These programs serve as the foundation for early issue  identification and help us minimize rejection rates,"[0.033, 0.034, 0.042, 0.02, 0.024, 0.02, 0.018, 0.037, 0.059, 0.04, 0.027, 0.038, 0.037, 0.027, 0.023, 0.021, 0.023, 0.135, 0.012, 0.024, 0.017, 0.023, 0.057, 0.031, 0.051, 0.049, 0.022]"
"When an issue is identified, we empower employees at  every level to raise their hands and share their concerns","[0.09, 0.034, 0.048, 0.042, 0.022, 0.027, 0.013, 0.033, 0.091, 0.021, 0.028, 0.016, 0.037, 0.034, 0.012, 0.027, 0.034, 0.058, 0.027, 0.02, 0.029, 0.017, 0.029, 0.04, 0.047, 0.046, 0.032]"
"At Flexsteel, we prioritize chemical safety and  environmental responsibility. We believe that no product  dedication to continuous improvement","[0.022, 0.041, 0.061, 0.021, 0.044, 0.019, 0.024, 0.028, 0.02, 0.064, 0.033, 0.044, 0.024, 0.032, 0.093, 0.016, 0.026, 0.066, 0.007, 0.049, 0.026, 0.035, 0.026, 0.017, 0.05, 0.05, 0.017]"
"should compromise any person’s safety or harm the  planet. That’s why we adhere to strict chemical safety  standards, tests, and processes","[0.036, 0.024, 0.02, 0.024, 0.025, 0.017, 0.017, 0.039, 0.044, 0.056, 0.018, 0.034, 0.022, 0.036, 0.018, 0.024, 0.025, 0.136, 0.014, 0.033, 0.022, 0.043, 0.043, 0.048, 0.06, 0.037, 0.03]"
that all newly sourced items adhere to   these established standards,"[0.144, 0.018, 0.048, 0.025, 0.015, 0.047, 0.005, 0.036, 0.148, 0.016, 0.091, 0.006, 0.041, 0.022, 0.006, 0.018, 0.024, 0.018, 0.024, 0.018, 0.022, 0.035, 0.022, 0.042, 0.016, 0.015, 0.006]"
"For manufactured wood used in our products, we obtain  TSCA Title VI/CANFER compliance records annually,  certifying adherence to formaldehyde emissions  regulations. As we further develop our ESG initiatives, we  are committed to expanding these testing measures to  encompass our existing products. This comprehensive  approach will also include conducting regulatory retesting  every three years, with a goal to not only meet but exceed  the ambitious targets we set for ourselves","[0.079, 0.013, 0.064, 0.026, 0.017, 0.019, 0.007, 0.024, 0.168, 0.033, 0.066, 0.024, 0.032, 0.021, 0.015, 0.022, 0.023, 0.062, 0.026, 0.015, 0.026, 0.033, 0.022, 0.031, 0.022, 0.034, 0.009]"
"In addition to upholding our own rigorous quality and  safety requirements, we are fully committed to ensuring  that all our products meet or surpass all regulations  established by the U.S. Consumer Product Safety  Commission (CPSC). We take immense pride in the fact  that we have not been involved in any product recalls  in conjunction with CPSC. This stands as a testament to  our resolute commitment to delivering products that  not only protect the well-being of our customers but  also ensure their furniture can be passed down from  generation to generation","[0.035, 0.019, 0.047, 0.02, 0.022, 0.017, 0.012, 0.031, 0.086, 0.046, 0.041, 0.045, 0.034, 0.029, 0.023, 0.021, 0.022, 0.125, 0.014, 0.023, 0.021, 0.033, 0.046, 0.031, 0.043, 0.046, 0.017]"
"2022 ESG ReportSupply Chain Management Our supply chain is a vital and substantial part of our  business – over 60% of our products are manufactured  responsible business conduct, we strive to create a  supply chain that promotes social responsibility and  environmental stewardship","[0.018, 0.021, 0.027, 0.008, 0.014, 0.008, 0.028, 0.018, 0.049, 0.035, 0.031, 0.03, 0.035, 0.064, 0.017, 0.018, 0.042, 0.026, 0.019, 0.025, 0.02, 0.009, 0.012, 0.038, 0.056, 0.223, 0.023]"
"by third-party suppliers. Ensuring that the ESG initiatives  All factories of our Tier 1 finished goods suppliers have  of these valued partners align with our own is key to our  been audited against our new program, and we are  mutual long-term interests","[0.091, 0.009, 0.06, 0.022, 0.016, 0.027, 0.005, 0.026, 0.191, 0.029, 0.112, 0.014, 0.029, 0.021, 0.008, 0.017, 0.025, 0.026, 0.018, 0.017, 0.028, 0.049, 0.02, 0.023, 0.011, 0.017, 0.005]"
"This year, we launched an enhanced environmental and  social audit program for our suppliers that raises the bar  for our already stringent standards. The comprehensive  program includes supplier environmental management  system certifications and an additional 75 audit points  based on SA8000 and Sedex Members Ethical Trade Audit  now working to close any corrective actions for those  factories audited within the past six months. The ongoing  performance of factories will be monitored with both  internal and supplier audits, and the frequency of audits  will be adjusted from 30 days to two years based on  the severity of any infractions discovered. As we have  demonstrated in the past, we will not hesitate to reassess  relationships with suppliers that do not meet our  standards or do not share our commitment to making   (SMETA). The SA8000 Standard is based on internationally  a positive difference","[0.146, 0.012, 0.041, 0.019, 0.016, 0.038, 0.005, 0.037, 0.155, 0.021, 0.093, 0.007, 0.035, 0.019, 0.007, 0.019, 0.026, 0.018, 0.022, 0.021, 0.026, 0.047, 0.019, 0.038, 0.016, 0.015, 0.006]"
"recognized standards of decent work, including the Universal  Declaration of Human Rights, ILO conventions, and national  laws. SMETA is widely used globally to assess standards of  labor, health and safety, environment, and business ethics","[0.156, 0.015, 0.037, 0.025, 0.015, 0.04, 0.006, 0.041, 0.116, 0.019, 0.038, 0.007, 0.035, 0.03, 0.006, 0.022, 0.027, 0.03, 0.029, 0.028, 0.029, 0.033, 0.021, 0.055, 0.036, 0.025, 0.014]"
"With the implementation of this enhanced program,  we aim to ensure that our suppliers not only meet our  stringent requirements but also align with internationally  respected benchmarks for ethical and sustainable  practices. By prioritizing the well-being of workers,  New suppliers will need to meet the stringent  requirements of our program before they join us","[0.038, 0.026, 0.025, 0.024, 0.027, 0.018, 0.018, 0.047, 0.044, 0.05, 0.018, 0.03, 0.026, 0.033, 0.015, 0.029, 0.021, 0.121, 0.017, 0.041, 0.022, 0.034, 0.04, 0.05, 0.069, 0.042, 0.026]"
"country leaders conduct thorough evaluations, including  comprehensive in-person meetings and detailed factory  walk-through audits, to assess the level of environmental  and social responsibility. To expedite new supplier  recruitment, we actively seek suppliers who have already  undergone successful audits conducted by reputable  auditors, enhancing our confidence in their adherence to  fostering a safe working environment, and upholding  industry best practices and standards","[0.05, 0.027, 0.045, 0.025, 0.023, 0.02, 0.013, 0.031, 0.08, 0.039, 0.039, 0.033, 0.032, 0.029, 0.021, 0.023, 0.024, 0.117, 0.015, 0.021, 0.019, 0.027, 0.042, 0.037, 0.047, 0.052, 0.018]"
We expect the highest of standards from our suppliers  and understand our responsibility to provide the necessary  support to meet and exceed those expectations,"[0.022, 0.029, 0.035, 0.017, 0.029, 0.024, 0.019, 0.044, 0.046, 0.053, 0.024, 0.041, 0.028, 0.028, 0.022, 0.029, 0.02, 0.12, 0.02, 0.034, 0.021, 0.017, 0.036, 0.038, 0.058, 0.063, 0.035]"
In 2022 we introduced a new training program to enhance  our finished goods suppliers’ understanding of our ESG  initiatives and our audit and corrective action processes,"[0.021, 0.023, 0.05, 0.023, 0.025, 0.015, 0.014, 0.025, 0.055, 0.068, 0.044, 0.064, 0.023, 0.036, 0.04, 0.023, 0.025, 0.091, 0.012, 0.037, 0.029, 0.04, 0.026, 0.023, 0.045, 0.058, 0.019]"
"This new training serves as a valuable resource to our  suppliers and educates them on our FSC documentation  requirements, the importance of collecting renewable  consumption data, and guidelines on sharing  details about their environmental policy and waste  management systems","[0.192, 0.027, 0.026, 0.027, 0.022, 0.042, 0.011, 0.054, 0.071, 0.019, 0.043, 0.005, 0.039, 0.018, 0.011, 0.024, 0.032, 0.017, 0.041, 0.022, 0.023, 0.045, 0.02, 0.056, 0.017, 0.013, 0.008]"
"All our existing suppliers have completed the training,  demonstrating their commitment to continuous  improvement. Moving forward, completion of this  training will be a prerequisite for any new suppliers to  ensure they are well informed and prepared to meet  our rigorous standards from the outset. Moreover, we  understand that corrective actions may be necessary  following audits. To address these areas for improvement,  we provide additional training to our suppliers on the  specific items outlined in the corrective action plans,  enabling them to take prompt and effective steps  towards rectification if necessary","[0.057, 0.029, 0.027, 0.021, 0.019, 0.015, 0.014, 0.047, 0.065, 0.036, 0.033, 0.026, 0.035, 0.032, 0.012, 0.033, 0.024, 0.084, 0.017, 0.033, 0.021, 0.031, 0.037, 0.063, 0.064, 0.06, 0.021]"
"We firmly believe the future of our planet depends on a  collective commitment to the efficient and sustainable use  of the Earth’s precious resources. At Flexsteel, we refuse to  be bystanders, and instead, we seek to actively engage to  shape a better tomorrow. Recognizing our responsibility,  we understand the imperative of reducing water  consumption and transitioning towards renewable energy  sources, not only because it aligns with our values, but also  because it is crucial for the well-being of our planet and  the long-term success of our business","[0.033, 0.027, 0.024, 0.025, 0.028, 0.018, 0.018, 0.041, 0.039, 0.057, 0.016, 0.032, 0.021, 0.032, 0.018, 0.023, 0.022, 0.145, 0.014, 0.035, 0.023, 0.033, 0.041, 0.044, 0.065, 0.038, 0.031]"
"To guide us on this journey, this year we formalized our  Environmental Policy which directs our efforts towards key  These metrics provide us a valuable baseline of energy  and water consumption at our sites. Equipped with  this information, we have the insight we need to  target increased efficiency and optimized usage","[0.077, 0.008, 0.062, 0.021, 0.015, 0.029, 0.004, 0.023, 0.177, 0.027, 0.146, 0.014, 0.031, 0.021, 0.009, 0.017, 0.021, 0.024, 0.018, 0.016, 0.026, 0.05, 0.02, 0.023, 0.011, 0.017, 0.004]"
"•  Awareness and Culture: Promoting environmental  Water intensity: 100.6 M3 per million $ of sales awareness internally and throughout our supply chain,  fostering a culture where sustainability is embraced by  all levels of the organization","[0.034, 0.039, 0.039, 0.022, 0.034, 0.019, 0.02, 0.041, 0.038, 0.051, 0.023, 0.033, 0.028, 0.023, 0.033, 0.019, 0.02, 0.144, 0.01, 0.032, 0.017, 0.031, 0.049, 0.032, 0.053, 0.042, 0.02]"
"Stakeholder Engagement: Actively involving our  stakeholders in continuous improvement initiatives,  recognizing the importance of collaboration and  shared responsibility","[0.027, 0.042, 0.032, 0.023, 0.029, 0.022, 0.022, 0.039, 0.04, 0.048, 0.021, 0.027, 0.031, 0.031, 0.019, 0.017, 0.022, 0.124, 0.01, 0.032, 0.019, 0.02, 0.045, 0.041, 0.07, 0.061, 0.035]"
•  Performance Monitoring and Reporting: Regularly  monitoring our environmental performance and  providing transparent reporting on pertinent issues,"[0.018, 0.038, 0.034, 0.009, 0.019, 0.01, 0.031, 0.027, 0.029, 0.038, 0.035, 0.034, 0.029, 0.054, 0.033, 0.016, 0.031, 0.036, 0.018, 0.026, 0.017, 0.011, 0.014, 0.049, 0.049, 0.197, 0.024]"
"•  Resource Efficiency: Enhancing our utilization  of natural resources and energy through efficient  practices, aiming to minimize waste and maximize  sustainability","[0.069, 0.028, 0.025, 0.025, 0.017, 0.016, 0.013, 0.042, 0.074, 0.029, 0.035, 0.024, 0.032, 0.035, 0.011, 0.035, 0.027, 0.067, 0.018, 0.028, 0.023, 0.027, 0.032, 0.067, 0.063, 0.067, 0.025]"
"Through the implementation of this policy, we aim  to create a positive impact by not only meeting our  environmental responsibilities but also inspiring others to  join us in this vital mission. By working collectively, we can  forge a path towards a greener, more sustainable future","[0.092, 0.007, 0.064, 0.028, 0.017, 0.026, 0.004, 0.019, 0.212, 0.026, 0.093, 0.015, 0.025, 0.027, 0.007, 0.019, 0.032, 0.024, 0.015, 0.015, 0.032, 0.036, 0.021, 0.015, 0.015, 0.016, 0.006]"
"for Business, Energy & Industrial Strategy (BEIS), and other  Our planet faces many challenges due to climate change,  public resources","[0.089, 0.014, 0.036, 0.025, 0.019, 0.017, 0.009, 0.034, 0.149, 0.035, 0.038, 0.029, 0.028, 0.036, 0.01, 0.029, 0.035, 0.062, 0.018, 0.021, 0.033, 0.046, 0.036, 0.036, 0.025, 0.022, 0.01]"
"and at Flexsteel, we are dedicated to taking focused actions  We collected activity data from all entities within our  to ensure we pass on a healthy world to future generations","[0.135, 0.016, 0.047, 0.026, 0.018, 0.032, 0.007, 0.035, 0.15, 0.022, 0.047, 0.014, 0.038, 0.023, 0.008, 0.022, 0.028, 0.044, 0.026, 0.017, 0.025, 0.032, 0.031, 0.04, 0.021, 0.017, 0.009]"
"organizational boundary on an annual basis. The data  When it comes to our products, we embrace a philosophy  of “changing the game,” which aligns with our approach  to climate change. As we innovate and improve our  product offerings, we continually seek ways to reduce their  carbon footprint. This involves optimizing design, utilizing  sustainable materials, and implementing more efficient  packaging practices","[0.185, 0.014, 0.031, 0.021, 0.016, 0.046, 0.006, 0.043, 0.109, 0.017, 0.06, 0.005, 0.034, 0.022, 0.007, 0.021, 0.029, 0.016, 0.028, 0.024, 0.028, 0.045, 0.019, 0.051, 0.021, 0.016, 0.008]"
"Furthermore, we are focused on measuring and reducing  our operational carbon footprint across our entire value  chain. We have worked with Minimum, the Enterprise  Carbon Management Platform, to independently calculate  were summarized, reviewed, and assessed by Minimum  for its completeness and accuracy. The activity data were  multiplied by appropriate emission factors to calculate our  Scope 1 and 2 emissions. Where estimations have been  made, this is highlighted in the individual data tables","[0.087, 0.035, 0.052, 0.028, 0.03, 0.028, 0.019, 0.049, 0.073, 0.037, 0.03, 0.017, 0.057, 0.018, 0.011, 0.024, 0.023, 0.085, 0.018, 0.035, 0.023, 0.028, 0.04, 0.037, 0.032, 0.028, 0.01]"
than 1% of emissions are from estimated data,"[0.037, 0.028, 0.026, 0.022, 0.024, 0.016, 0.017, 0.044, 0.047, 0.05, 0.021, 0.035, 0.026, 0.035, 0.016, 0.028, 0.023, 0.123, 0.015, 0.036, 0.022, 0.032, 0.04, 0.047, 0.066, 0.05, 0.026]"
"By the end of 2023, we intend to assess our Scope 3  footprint, starting with most material categories and  intend to publish an updated GHG inventory. This will help  us understand our GHG emissions hot spots, opportunities  for reductions, and levers for change","[0.13, 0.015, 0.044, 0.022, 0.015, 0.037, 0.006, 0.04, 0.118, 0.022, 0.123, 0.008, 0.041, 0.016, 0.006, 0.021, 0.025, 0.011, 0.023, 0.029, 0.032, 0.056, 0.015, 0.041, 0.011, 0.015, 0.005]"
"our greenhouse gas (GHG) emissions for all assets under  By taking these steps, we aim to fulfill our responsibility  our operational control for the calendar year 2022","[0.022, 0.033, 0.025, 0.012, 0.018, 0.01, 0.027, 0.028, 0.035, 0.04, 0.023, 0.032, 0.029, 0.053, 0.02, 0.02, 0.031, 0.064, 0.012, 0.029, 0.018, 0.013, 0.023, 0.045, 0.08, 0.165, 0.029]"
"towards environmental stewardship and contribute to a  work was done in accordance with the principles of the  more sustainable future. We believe that small changes  Greenhouse Gas Protocol, and our GHG emissions were  can lead to significant positive outcomes, and we are  assessed following the ISO-14064:2018 standard and used  committed to playing our part in creating a healthier and  the 2022 emission conversion factors published by the  more sustainable world","[0.036, 0.025, 0.026, 0.023, 0.025, 0.019, 0.017, 0.04, 0.049, 0.056, 0.022, 0.035, 0.024, 0.033, 0.017, 0.022, 0.023, 0.141, 0.013, 0.032, 0.022, 0.038, 0.044, 0.044, 0.055, 0.04, 0.026]"
"Minimizing our transport emissions yields significant  benefits for individuals, the environment, and our business","[0.095, 0.011, 0.06, 0.02, 0.015, 0.031, 0.005, 0.03, 0.155, 0.026, 0.149, 0.011, 0.033, 0.018, 0.008, 0.016, 0.021, 0.02, 0.02, 0.018, 0.026, 0.051, 0.016, 0.032, 0.01, 0.019, 0.005]"
"As we strive to reduce our negative environmental  footprint and enhance air quality, we actively contribute  to the well-being of our ecosystem. At the same time, we  capitalize on the opportunity to improve cost efficiency  and strengthen our overall resilience","[0.029, 0.021, 0.02, 0.025, 0.024, 0.02, 0.017, 0.039, 0.036, 0.059, 0.024, 0.033, 0.018, 0.045, 0.016, 0.019, 0.023, 0.128, 0.015, 0.033, 0.024, 0.048, 0.036, 0.054, 0.058, 0.046, 0.039]"
"Another crucial aspect to reduce transport emissions is the  optimization of product and packaging design. We strive  to decrease weight and size while introducing sustainable  materials, all while maintaining the high quality and  necessary protection during transit. This approach allows  us to achieve greater efficiency without compromising the  product integrity that our customers have come to expect  from our brands","[0.025, 0.037, 0.027, 0.02, 0.025, 0.011, 0.021, 0.035, 0.029, 0.05, 0.009, 0.041, 0.024, 0.031, 0.026, 0.027, 0.029, 0.136, 0.011, 0.031, 0.022, 0.016, 0.041, 0.033, 0.105, 0.045, 0.038]"
"To achieve these goals, we are actively repositioning our  manufacturing sources to be in or near the U.S. to minimize  the distances our products travel, particularly via ocean  freight — a move that will reduce our exposure to the  supply chain delays and disruptions seen in recent years","[0.032, 0.025, 0.026, 0.027, 0.032, 0.016, 0.018, 0.037, 0.048, 0.054, 0.018, 0.039, 0.024, 0.029, 0.019, 0.031, 0.021, 0.131, 0.018, 0.036, 0.023, 0.029, 0.038, 0.04, 0.069, 0.041, 0.028]"
"When sourcing our materials, we prioritize options that  travel the shortest possible distance to manufacturing  sites, ensuring the lowest possible carbon emissions while  still meeting our strict quality requirements","[0.014, 0.032, 0.072, 0.022, 0.033, 0.02, 0.015, 0.021, 0.045, 0.073, 0.048, 0.055, 0.027, 0.031, 0.056, 0.016, 0.029, 0.063, 0.008, 0.049, 0.031, 0.029, 0.019, 0.013, 0.048, 0.063, 0.021]"
"Through these comprehensive efforts, we embrace the  responsibility to mitigate our transport emissions","[0.035, 0.05, 0.042, 0.019, 0.03, 0.02, 0.027, 0.041, 0.035, 0.042, 0.018, 0.035, 0.04, 0.023, 0.032, 0.022, 0.023, 0.138, 0.011, 0.029, 0.016, 0.02, 0.063, 0.027, 0.052, 0.039, 0.018]"
"selecting sustainable manufacturing locations, prioritizing  eco-friendly transportation modes, and optimizing  product design, we pave the way for a greener future while  upholding the quality and reliability our customers expect","[0.016, 0.023, 0.033, 0.008, 0.017, 0.009, 0.032, 0.018, 0.051, 0.037, 0.033, 0.032, 0.04, 0.063, 0.02, 0.017, 0.043, 0.025, 0.02, 0.026, 0.02, 0.008, 0.012, 0.034, 0.048, 0.212, 0.02]"
"2022 ESG ReportTo highlight our commitment to DEI and provide vital  transparency, we report our diversity metrics in our annual  proxy statement filed with the Securities and Exchange  Commission (SEC)","[0.059, 0.031, 0.045, 0.028, 0.02, 0.018, 0.013, 0.036, 0.086, 0.037, 0.046, 0.032, 0.03, 0.027, 0.02, 0.029, 0.023, 0.078, 0.028, 0.02, 0.021, 0.024, 0.024, 0.058, 0.033, 0.068, 0.022]"
"In late 2022, we initiated our first mandatory DEI and  unconscious bias training to increase awareness and reduce  the impacts our ways of thinking can have when they go  unnoticed. The training was successfully completed by  100% of U.S. professional employees and will be refreshed  annually, and expanded globally, to maintain this important  organizational focus","[0.079, 0.008, 0.067, 0.028, 0.02, 0.026, 0.005, 0.021, 0.205, 0.027, 0.081, 0.019, 0.025, 0.034, 0.007, 0.022, 0.039, 0.025, 0.012, 0.02, 0.035, 0.032, 0.025, 0.012, 0.02, 0.017, 0.006]"
"At Flexsteel, our people are our greatest strength, and we  equal employment opportunity plans to nurture our core  cherish the hard work, dedication, and innovative thinking  values for today’s employees and our future generations","[0.137, 0.017, 0.032, 0.032, 0.023, 0.023, 0.008, 0.039, 0.115, 0.03, 0.024, 0.015, 0.025, 0.027, 0.012, 0.031, 0.037, 0.054, 0.032, 0.021, 0.032, 0.035, 0.024, 0.047, 0.032, 0.021, 0.017]"
"they bring to Flexsteel day after day. Our growing team of  are committed to enhancing the racial and ethnic diversity  over 1,550 employees has made us who we are today and will  of our Board, and refreshment considerations are covered in  be central to our success as we advance our ESG strategy","[0.126, 0.014, 0.039, 0.015, 0.012, 0.037, 0.006, 0.042, 0.114, 0.02, 0.129, 0.007, 0.045, 0.019, 0.006, 0.018, 0.022, 0.015, 0.019, 0.027, 0.026, 0.054, 0.019, 0.056, 0.017, 0.02, 0.005]"
the Healthy Culture section of this report,"[0.12, 0.023, 0.04, 0.029, 0.015, 0.031, 0.008, 0.037, 0.109, 0.021, 0.046, 0.011, 0.035, 0.034, 0.008, 0.023, 0.027, 0.044, 0.023, 0.023, 0.026, 0.026, 0.026, 0.054, 0.041, 0.046, 0.018]"
"More widely, we believe that the stronger our communities  are, the stronger we are as a business. We partner with  outreach and development organizations to share our  knowledge, improve growth opportunities for others, and  collectively build a brighter future for everyone","[0.112, 0.012, 0.053, 0.018, 0.014, 0.033, 0.005, 0.032, 0.144, 0.024, 0.141, 0.009, 0.038, 0.017, 0.007, 0.016, 0.022, 0.018, 0.021, 0.02, 0.026, 0.054, 0.017, 0.037, 0.011, 0.017, 0.004]"
"At Flexsteel, we prioritize creating an environment where  every member feels a sense of belonging","[0.076, 0.021, 0.034, 0.018, 0.016, 0.019, 0.011, 0.048, 0.084, 0.033, 0.06, 0.022, 0.042, 0.029, 0.01, 0.028, 0.023, 0.059, 0.017, 0.033, 0.024, 0.044, 0.032, 0.065, 0.044, 0.049, 0.013]"
"everyone to feel proud to be part of our team, knowing  that that their voices will be heard and will be valued,  and their aspirations will be nurtured. We recognize  that fostering a fair and inclusive working environment  enriched by diverse talent makes us stronger as a business","[0.04, 0.02, 0.027, 0.026, 0.028, 0.016, 0.017, 0.037, 0.055, 0.056, 0.023, 0.04, 0.023, 0.034, 0.018, 0.029, 0.024, 0.128, 0.019, 0.032, 0.024, 0.041, 0.038, 0.041, 0.056, 0.037, 0.022]"
"Ultimately, the products we make are elevated by the  breadth of knowledge, experience, and views poured  into them, translating to more satisfied customers and  enhanced returns for our shareholders","[0.116, 0.011, 0.056, 0.029, 0.019, 0.025, 0.004, 0.021, 0.212, 0.022, 0.064, 0.013, 0.028, 0.026, 0.008, 0.02, 0.031, 0.032, 0.018, 0.013, 0.026, 0.028, 0.025, 0.021, 0.018, 0.016, 0.006]"
"Our commitment to DEI starts with our recruitment  processes. As an Affirmative Action and Equal Opportunity  Employer, we consider all qualified applicants without  regard to race, color, religion, sex, sexual orientation, gender  identity, age, national origin, protected veteran status, or  disability status. And to reflect its importance to us and our  business, DEI is overseen by the Nomination and Governance  Committee of our Board","[0.032, 0.05, 0.049, 0.015, 0.025, 0.015, 0.027, 0.03, 0.04, 0.042, 0.039, 0.029, 0.03, 0.04, 0.034, 0.017, 0.029, 0.063, 0.017, 0.025, 0.017, 0.015, 0.02, 0.047, 0.047, 0.136, 0.02]"
"To attract strong, qualified candidates, we advertise  aspirations. The outcomes of these reviews are diligently  recorded in our human capital management system,  ensuring comprehensive tracking and progress monitoring","[0.097, 0.018, 0.05, 0.019, 0.014, 0.038, 0.007, 0.037, 0.096, 0.023, 0.163, 0.008, 0.043, 0.018, 0.008, 0.017, 0.02, 0.011, 0.02, 0.029, 0.029, 0.048, 0.012, 0.056, 0.014, 0.027, 0.006]"
"vacant roles through various channels. These include our  There are formal and informal training programs in place  website’s Career Center section, our intranet, local press,  to support development, including rotational programs  professional networks like LinkedIn, and recruitment  for our sales and engineering teams and a dedicated  platforms such as Indeed. By leveraging these platforms,  leadership program for our managers. We have partnered  we aim to reach a wider range of talented individuals","[0.023, 0.022, 0.024, 0.01, 0.011, 0.009, 0.018, 0.021, 0.052, 0.029, 0.033, 0.031, 0.028, 0.062, 0.018, 0.02, 0.037, 0.036, 0.019, 0.019, 0.019, 0.01, 0.016, 0.048, 0.065, 0.206, 0.033]"
"with Northeast Iowa Community College to develop a  When recruiting new team members, in addition to skills  and experience, we strive to find people who share our values  and will enhance our culture by prioritizing diversity","[0.114, 0.008, 0.054, 0.026, 0.016, 0.029, 0.004, 0.022, 0.195, 0.023, 0.103, 0.011, 0.026, 0.024, 0.008, 0.019, 0.029, 0.019, 0.019, 0.016, 0.031, 0.045, 0.019, 0.021, 0.014, 0.014, 0.005]"
"To achieve diversity, we work with a third-party specialist  every year to draw up an Equity Action Plan. We aim to  build candidate pools that reflect the demographics of the  local population as set out in that plan, taking action to  address imbalances, if necessary","[0.019, 0.023, 0.047, 0.019, 0.023, 0.019, 0.015, 0.027, 0.08, 0.042, 0.045, 0.059, 0.037, 0.038, 0.028, 0.02, 0.024, 0.11, 0.013, 0.019, 0.023, 0.024, 0.058, 0.023, 0.04, 0.051, 0.025]"
We train first-time managers in good interview practice  to help them get the best out of candidates and maintain  our robust commitment to eliminating bias,"[0.176, 0.019, 0.036, 0.026, 0.019, 0.026, 0.005, 0.038, 0.136, 0.016, 0.056, 0.007, 0.026, 0.031, 0.01, 0.022, 0.037, 0.024, 0.034, 0.011, 0.026, 0.041, 0.02, 0.043, 0.014, 0.014, 0.009]"
"Every person who becomes part of our team is truly  multiple-day training curriculum tailored to our leaders’  needs. For employees who wish to return to college and  pursue further education, we have a policy to reimburse  up to two-thirds of their tuition fees","[0.015, 0.02, 0.032, 0.008, 0.016, 0.008, 0.032, 0.017, 0.053, 0.037, 0.037, 0.034, 0.041, 0.066, 0.019, 0.018, 0.043, 0.023, 0.022, 0.024, 0.021, 0.009, 0.012, 0.033, 0.045, 0.213, 0.02]"
We strive to find people  who share our values  and will enhance our  culture by prioritizing  diversity,"[0.066, 0.014, 0.067, 0.016, 0.016, 0.031, 0.006, 0.034, 0.122, 0.032, 0.163, 0.014, 0.046, 0.015, 0.011, 0.017, 0.018, 0.024, 0.021, 0.025, 0.024, 0.052, 0.018, 0.035, 0.012, 0.023, 0.005]"
valued – we know that their hard work and commitment  We have fully embraced hybrid and remote working  to upholding our values makes Flexsteel the company it is  arrangements where it is feasible. This has provided  today. We place a strong emphasis on employee well-being  our teams flexibility and has enabled us to advance  and recognize the importance of competitive compensation  our diversity initiatives by expanding our talent pool,"[0.113, 0.015, 0.073, 0.035, 0.019, 0.025, 0.006, 0.021, 0.169, 0.021, 0.071, 0.015, 0.027, 0.037, 0.009, 0.021, 0.038, 0.032, 0.015, 0.015, 0.027, 0.026, 0.026, 0.017, 0.024, 0.024, 0.007]"
"manufacturing company, many of our roles must be  on-site. To ensure employees in manufacturing and  logistics roles can enjoy the benefits of flexibility too, we  have crafted thoughtful time off and attendance policies  at each site to ensure employees at non-hybrid locations  have the flexibility needed to feel balanced","[0.023, 0.016, 0.024, 0.013, 0.012, 0.015, 0.013, 0.027, 0.052, 0.041, 0.04, 0.028, 0.023, 0.09, 0.016, 0.022, 0.027, 0.059, 0.013, 0.031, 0.025, 0.024, 0.03, 0.045, 0.075, 0.135, 0.024]"
"As well as developing our current employees, we must  also look to the future. Giving opportunities to the  next generation of the workforce and supporting the  development of a pipeline of exciting new talent is vital  Retirement saving benefits that include an employer  for our business and important for our communities","[0.115, 0.01, 0.042, 0.026, 0.016, 0.021, 0.005, 0.026, 0.196, 0.028, 0.049, 0.017, 0.023, 0.028, 0.01, 0.021, 0.033, 0.045, 0.021, 0.014, 0.031, 0.039, 0.023, 0.03, 0.02, 0.021, 0.01]"
"In addition, fostering employee development is a cornerstone  of our organization. Through annual performance reviews  and quarterly update discussions, we support employees  in their professional growth, enabling open and honest  dialogue about their performance and long-term career  are building relationships with local universities to build  upon our existing annual internship program, which has a  cohort of four this year","[0.033, 0.047, 0.05, 0.021, 0.039, 0.017, 0.026, 0.037, 0.028, 0.056, 0.028, 0.038, 0.026, 0.027, 0.054, 0.018, 0.02, 0.115, 0.01, 0.032, 0.018, 0.032, 0.038, 0.032, 0.045, 0.049, 0.014]"
"2022 ESG ReportEmployee Engagement and Well-being At the heart of our company culture and long-term  interests is a genuine commitment to the well-being of  our employees. We strive to provide them with support,  For example, our employees recently came together to  prepare a park near our Dubuque headquarters for the  summer season, creating a pleasant and welcoming  environment for the community","[0.066, 0.014, 0.081, 0.025, 0.021, 0.03, 0.007, 0.026, 0.16, 0.034, 0.124, 0.02, 0.032, 0.025, 0.011, 0.02, 0.026, 0.023, 0.016, 0.024, 0.029, 0.043, 0.02, 0.018, 0.011, 0.019, 0.004]"
"connection, and opportunities to achieve their personal  As we look forward, we aim to build flagship initiatives  and professional goals while also benefiting from their  that highlight to employees our commitment to making  unique talents","[0.076, 0.019, 0.057, 0.022, 0.012, 0.027, 0.006, 0.029, 0.114, 0.025, 0.135, 0.015, 0.033, 0.032, 0.011, 0.02, 0.021, 0.028, 0.023, 0.019, 0.024, 0.035, 0.017, 0.056, 0.02, 0.052, 0.01]"
We conduct an annual employee engagement survey and  use the feedback to continuously strengthen our culture,"[0.143, 0.019, 0.044, 0.033, 0.02, 0.033, 0.008, 0.037, 0.133, 0.024, 0.029, 0.011, 0.034, 0.025, 0.007, 0.022, 0.033, 0.044, 0.027, 0.021, 0.029, 0.026, 0.026, 0.039, 0.028, 0.021, 0.014]"
"In 2022, there was a 94% participation rate and our  engagement score was 72%. While we are encouraged  with these scores, we believe there is always room for  improvement. Therefore, each site has an annual action  a positive difference in the world. We strive to inspire our  employees and demonstrate our shared values through  impactful actions and ongoing engagement","[0.052, 0.034, 0.044, 0.023, 0.02, 0.019, 0.015, 0.039, 0.071, 0.034, 0.042, 0.034, 0.037, 0.028, 0.019, 0.029, 0.024, 0.101, 0.018, 0.022, 0.018, 0.026, 0.04, 0.045, 0.044, 0.059, 0.019]"
"plan for continued progress based on these results, and  We are proud to support Arbor Day Foundation’s  we track these metrics to make sure we are delivering  plant-a-tree program, with focus on the Long  on our goals. Based on our 2022 survey, we have set and  Leaf Pine Restoration project. The projects  communicated the priorities of communication processes  span the Southeastern states from Virginia to  and systems as well as training and development","[0.052, 0.01, 0.069, 0.023, 0.019, 0.018, 0.005, 0.017, 0.215, 0.034, 0.061, 0.032, 0.026, 0.028, 0.015, 0.018, 0.03, 0.062, 0.014, 0.013, 0.028, 0.029, 0.032, 0.014, 0.019, 0.023, 0.009]"
"Texas, including North Carolina, where our main  In addition to formal surveys, we actively involve  showroom is located","[0.063, 0.029, 0.041, 0.032, 0.018, 0.018, 0.015, 0.028, 0.112, 0.024, 0.027, 0.038, 0.041, 0.042, 0.014, 0.039, 0.047, 0.043, 0.027, 0.018, 0.038, 0.015, 0.036, 0.032, 0.041, 0.043, 0.032]"
"employees through our engagement committees, which  Not only does this program exemplify our  focus on fostering a more inclusive work environment and  dedication to environmental causes, but it also  nurturing our team culture. In our wider community, we  serves as a powerful way to engage our customers,  are proud to see how enthusiastically our people embrace  suppliers, and employees in our mission","[0.031, 0.023, 0.021, 0.022, 0.027, 0.017, 0.019, 0.041, 0.033, 0.058, 0.019, 0.033, 0.019, 0.039, 0.019, 0.023, 0.021, 0.135, 0.013, 0.04, 0.021, 0.04, 0.038, 0.049, 0.071, 0.049, 0.028]"
volunteer and charitable activities and support our  staunch commitment to the places we live and work,"[0.069, 0.012, 0.062, 0.019, 0.018, 0.027, 0.006, 0.028, 0.143, 0.028, 0.147, 0.018, 0.041, 0.017, 0.013, 0.02, 0.019, 0.026, 0.024, 0.019, 0.024, 0.049, 0.02, 0.034, 0.014, 0.023, 0.005]"
"Our annual ‘Pack the President’s Office Challenge’  We plan to officially launch the program at our  annual Market event held in our showroom in  October, and our goal is to plant 13,000 trees in  encourages employees to bring food donations to support  fiscal 2024","[0.044, 0.025, 0.065, 0.025, 0.023, 0.026, 0.011, 0.028, 0.093, 0.038, 0.046, 0.03, 0.034, 0.028, 0.024, 0.018, 0.022, 0.124, 0.015, 0.018, 0.019, 0.025, 0.045, 0.027, 0.037, 0.044, 0.016]"
"local non-profits, primarily food pantries. In December  2022, our employees collectively donated 6,300 meals to  St. Stephen’s/River Bend Food Bank in Dubuque, Iowa,  through the initiative","[0.113, 0.009, 0.058, 0.024, 0.013, 0.029, 0.004, 0.023, 0.181, 0.021, 0.123, 0.01, 0.03, 0.023, 0.007, 0.018, 0.026, 0.02, 0.019, 0.015, 0.028, 0.043, 0.018, 0.024, 0.014, 0.018, 0.005]"
"To encourage our employees to give back, this past year  we created our Community Engagement Program,  which elevates our commitment to our communities and  supports our employees in giving back to the causes they  care about. All full-time employees are encouraged to  take up to 24 hours of paid time off each fiscal year, during  their regularly scheduled working hours, to participate  in their chosen volunteer program. As well as individual  volunteering activities, we support group activities, which  have the additional benefit of fostering team cohesion","[0.059, 0.033, 0.037, 0.025, 0.018, 0.016, 0.014, 0.036, 0.08, 0.031, 0.038, 0.033, 0.033, 0.031, 0.018, 0.034, 0.028, 0.081, 0.023, 0.018, 0.02, 0.019, 0.031, 0.055, 0.045, 0.074, 0.026]"
"2022 ESG ReportEmployee Health and Safety At Flexsteel, the well-being and safety of our employees are  of utmost importance to us. We recognize our responsibility  to provide a secure and supportive work environment, and  we are fully committed to fulfilling this responsibility","[0.027, 0.018, 0.025, 0.014, 0.013, 0.015, 0.014, 0.029, 0.047, 0.028, 0.038, 0.023, 0.029, 0.078, 0.013, 0.024, 0.022, 0.046, 0.02, 0.032, 0.021, 0.016, 0.024, 0.057, 0.082, 0.156, 0.026]"
"Looking ahead, our goal is to implement a worldwide  program that adheres to the highest global standards  while meeting the needs of every location. By doing so, we  aim to ensure a consistent and robust approach to health  and safety across our organization","[0.1, 0.013, 0.057, 0.019, 0.015, 0.034, 0.006, 0.033, 0.123, 0.025, 0.161, 0.009, 0.04, 0.016, 0.009, 0.016, 0.02, 0.017, 0.022, 0.021, 0.026, 0.058, 0.016, 0.039, 0.01, 0.017, 0.004]"
"Our Health and Safety Statement sets clear expectations  for maintaining a safe and respectful workplace, free from  any form of harassment, discrimination, and violence","[0.02, 0.035, 0.064, 0.023, 0.043, 0.016, 0.018, 0.024, 0.034, 0.075, 0.03, 0.05, 0.02, 0.034, 0.078, 0.015, 0.027, 0.088, 0.008, 0.039, 0.027, 0.034, 0.024, 0.018, 0.042, 0.047, 0.018]"
"Each of our sites has its own dedicated safety program,  ensuring that safety measures are tailored to specific  location requirements. We have established processes for  safety notices, incident reporting, and multiple layers of  management oversight to address any safety concerns  promptly. Employees can also report concerns to our  Compliance Line","[0.121, 0.012, 0.055, 0.029, 0.017, 0.034, 0.004, 0.03, 0.176, 0.033, 0.076, 0.01, 0.023, 0.019, 0.008, 0.019, 0.027, 0.023, 0.023, 0.023, 0.037, 0.039, 0.013, 0.029, 0.016, 0.02, 0.008]"
"To promote a culture of safety, we offer formal and  informal safety training programs for employees","[0.092, 0.007, 0.064, 0.028, 0.017, 0.027, 0.004, 0.02, 0.211, 0.027, 0.095, 0.014, 0.023, 0.026, 0.007, 0.019, 0.03, 0.025, 0.016, 0.015, 0.032, 0.038, 0.019, 0.015, 0.014, 0.016, 0.005]"
"alone, we conducted 20 training sessions, covering various  safety topics, on a monthly basis","[0.062, 0.023, 0.024, 0.028, 0.021, 0.02, 0.014, 0.045, 0.053, 0.044, 0.026, 0.025, 0.021, 0.038, 0.012, 0.029, 0.025, 0.101, 0.019, 0.033, 0.024, 0.039, 0.03, 0.061, 0.062, 0.049, 0.027]"
"For 130 years, we have adopted policies and practices  that prioritize ethics, trust, transparency, and, above all,  We closely monitor our Total Recordable Incident Rates  accountability. This approach and these values permeate  (TRIR) and Lost Time Incident Rates (LTIR) at each site,  every aspect of our organization and are exemplified  and consider them crucial metrics to drive continuous  through the hard work of our dedicated employees","[0.183, 0.035, 0.02, 0.036, 0.029, 0.053, 0.016, 0.054, 0.047, 0.022, 0.031, 0.005, 0.031, 0.019, 0.015, 0.027, 0.033, 0.019, 0.046, 0.022, 0.021, 0.043, 0.021, 0.061, 0.02, 0.012, 0.01]"
safety improvement each year. These metrics also serve  are still proud to say this immense sense of accountability  as key performance indicators for our managers during  is as strong today as it was on day one,"[0.02, 0.032, 0.061, 0.023, 0.038, 0.017, 0.018, 0.025, 0.037, 0.076, 0.043, 0.05, 0.024, 0.032, 0.063, 0.017, 0.023, 0.08, 0.009, 0.044, 0.026, 0.039, 0.024, 0.021, 0.042, 0.055, 0.015]"
"We have a strong commitment to conducting business  ethically, which is reflected in our Guidelines for Business  Conduct that require all directors and employees to  conduct themselves honestly and with integrity","[0.071, 0.024, 0.047, 0.034, 0.018, 0.018, 0.011, 0.029, 0.103, 0.029, 0.049, 0.029, 0.032, 0.028, 0.017, 0.032, 0.025, 0.07, 0.029, 0.017, 0.023, 0.022, 0.026, 0.047, 0.039, 0.063, 0.021]"
"Our Board of Directors is currently comprised of eight  procedures for promoting compliance with, and  reporting violations of, the code of ethics","[0.088, 0.009, 0.062, 0.027, 0.017, 0.024, 0.004, 0.018, 0.226, 0.028, 0.072, 0.016, 0.026, 0.024, 0.009, 0.018, 0.03, 0.037, 0.018, 0.012, 0.029, 0.031, 0.022, 0.017, 0.014, 0.017, 0.006]"
directors – five are male and three are female,"[0.025, 0.043, 0.055, 0.02, 0.044, 0.021, 0.024, 0.029, 0.023, 0.066, 0.036, 0.042, 0.023, 0.03, 0.083, 0.015, 0.024, 0.074, 0.008, 0.046, 0.023, 0.038, 0.027, 0.022, 0.047, 0.053, 0.016]"
"them, seven directors are classed as independent, while  one is an executive director. Their diverse backgrounds,  The Guidelines are reviewed by our President and  experiences, and perspectives contribute to the strength  CEO, CFO, VP of Human Resources, and In-House  of our company, and we are committed to maintaining  Legal Counsel annually. Because these Guidelines are  and expanding this diversity at the highest level","[0.09, 0.018, 0.051, 0.015, 0.014, 0.042, 0.008, 0.043, 0.085, 0.023, 0.166, 0.008, 0.058, 0.015, 0.007, 0.016, 0.02, 0.011, 0.019, 0.034, 0.027, 0.057, 0.017, 0.05, 0.012, 0.017, 0.005]"
"so central to our culture, every employee must review  them annually and commit to complying with them","[0.029, 0.032, 0.023, 0.021, 0.027, 0.014, 0.021, 0.041, 0.034, 0.051, 0.016, 0.032, 0.025, 0.031, 0.019, 0.025, 0.021, 0.126, 0.013, 0.038, 0.02, 0.025, 0.038, 0.048, 0.085, 0.06, 0.033]"
"provide annual compliance training, with a participation  rate of 100% of our U.S. professional workforce in 2022","[0.136, 0.013, 0.04, 0.022, 0.014, 0.041, 0.007, 0.042, 0.099, 0.02, 0.044, 0.008, 0.036, 0.035, 0.005, 0.027, 0.023, 0.027, 0.027, 0.039, 0.035, 0.028, 0.019, 0.054, 0.046, 0.041, 0.014]"
"or comfortable for them, we offer an anonymous  Compliance Line, which is available to employees and  suppliers 24/7. Local numbers for the Compliance  Line are available on our website. The Compliance Line  reports calls to key representatives within Flexsteel,  including the CFO, VP of Human Resources, Corporate  Controller, and the Board’s Audit & Ethics Committee  Chair, ensuring timely response and appropriate action is  taken. We guarantee that there will be no discrimination  or retaliation against an individual who files a good-faith  complaint or participates in the investigation of the  complaint. Our commitment to maintaining a culture   of accountability and ethical conduct is unwavering","[0.075, 0.021, 0.032, 0.023, 0.016, 0.019, 0.01, 0.04, 0.092, 0.031, 0.043, 0.019, 0.03, 0.032, 0.01, 0.028, 0.026, 0.067, 0.02, 0.025, 0.024, 0.024, 0.025, 0.061, 0.057, 0.076, 0.023]"
The Nominating and Governance Committee of  our Board of Directors is responsible for making  recommendations to the Board concerning nominees  for election as directors and nominees for Board  vacancies. The Committee assesses candidates’  experience and how they would contribute to the  overall synergy and collaborative process of the Board,"[0.086, 0.031, 0.05, 0.032, 0.029, 0.034, 0.014, 0.038, 0.076, 0.038, 0.03, 0.015, 0.034, 0.023, 0.015, 0.02, 0.023, 0.106, 0.02, 0.025, 0.02, 0.026, 0.035, 0.038, 0.04, 0.037, 0.015]"
"There are specific minimum eligibility requirements  covering high ethical standards, uncompromising  integrity, and a commitment to acting in the  best interests of the shareholders. There are also  requirements relating to age and to ensuring that a  majority of the Board remains independent","[0.048, 0.021, 0.073, 0.024, 0.028, 0.018, 0.011, 0.028, 0.122, 0.047, 0.049, 0.032, 0.033, 0.02, 0.025, 0.02, 0.02, 0.1, 0.019, 0.02, 0.022, 0.03, 0.03, 0.028, 0.026, 0.041, 0.01]"
"Diversity is and will continue to be a critical  consideration in the evaluation of candidates for Board  membership. We are committed to broadening the  voices at the very top, in particular to increasing our  ethnic diversity. We use structured recruitment and  selection methods to identify qualified candidates who  are gender, racially, and ethnically diverse for Board  director roles, and we examine diversity with the full  Board periodically","[0.138, 0.012, 0.044, 0.017, 0.013, 0.036, 0.005, 0.037, 0.131, 0.019, 0.128, 0.006, 0.039, 0.019, 0.006, 0.018, 0.021, 0.015, 0.021, 0.022, 0.026, 0.051, 0.017, 0.046, 0.014, 0.018, 0.004]"
"We have always cared about our people, our communities,  impact. We look forward to continuing our mission and  and our planet. Our formal sustainability journey may only  reporting on our future progress at the end of our next  be at its earliest stages, but we know we have the team, the  fiscal year, knowing that we are on a transformative path  ambition, and the desire to make a long-lasting positive  towards a brighter and more sustainable future","[0.049, 0.026, 0.032, 0.028, 0.025, 0.019, 0.015, 0.039, 0.054, 0.05, 0.02, 0.026, 0.025, 0.031, 0.017, 0.023, 0.023, 0.142, 0.016, 0.03, 0.021, 0.033, 0.038, 0.043, 0.055, 0.042, 0.023]"
"lab to set clear standards around  restricted substances and emissions  found in our products. Our team in  Asia works directly with our suppliers  to ensure that all new components  and finished goods are compliant  with these standards. Product testing  is conducted in an approved third- party lab. In 2023, we are rolling out  the same program to test legacy  products and perform regulatory  retesting for all product every three  years. As a member in the American  Home Furnishings Alliance, we are well  informed of changes in standards and  regulations and make updates to our  test protocols as needed","[0.028, 0.029, 0.04, 0.021, 0.025, 0.02, 0.017, 0.033, 0.052, 0.046, 0.025, 0.039, 0.031, 0.028, 0.028, 0.018, 0.021, 0.156, 0.011, 0.024, 0.018, 0.026, 0.058, 0.029, 0.054, 0.045, 0.023]"
by our restricted substance list,"[0.03, 0.029, 0.023, 0.024, 0.027, 0.015, 0.018, 0.04, 0.033, 0.06, 0.014, 0.033, 0.021, 0.032, 0.022, 0.023, 0.023, 0.143, 0.013, 0.037, 0.023, 0.033, 0.039, 0.043, 0.078, 0.039, 0.033]"
We also annually collect TSCA Title  VI/CANFER compliance records for  all manufactured wood used in our  product which certifies compliance with  formaldehyde emissions regulations,"[0.109, 0.017, 0.041, 0.031, 0.024, 0.02, 0.007, 0.032, 0.182, 0.026, 0.037, 0.014, 0.028, 0.039, 0.012, 0.027, 0.048, 0.031, 0.025, 0.016, 0.032, 0.03, 0.027, 0.024, 0.019, 0.018, 0.011]"
product lifecycle impacts and meet  components where we can,"[0.035, 0.032, 0.065, 0.033, 0.015, 0.07, 0.008, 0.018, 0.074, 0.019, 0.045, 0.008, 0.055, 0.071, 0.014, 0.017, 0.015, 0.031, 0.023, 0.034, 0.015, 0.011, 0.041, 0.038, 0.092, 0.054, 0.016]"
makes it easier to repair and service  products when they are in use,"[0.1, 0.015, 0.035, 0.022, 0.012, 0.02, 0.006, 0.032, 0.136, 0.024, 0.084, 0.016, 0.029, 0.033, 0.009, 0.025, 0.026, 0.032, 0.023, 0.018, 0.027, 0.037, 0.02, 0.066, 0.028, 0.05, 0.013]"
"to over 1,000 components—it helps  our consumers choose circularity  over waste. We have launched new  products that use FSC-certified wood,  100% eco-friendly packaging, and  recycled fabric content. We will be  bringing more products like this to  market in 2023 and beyond","[0.009, 0.022, 0.028, 0.005, 0.015, 0.008, 0.037, 0.02, 0.025, 0.034, 0.036, 0.043, 0.033, 0.087, 0.042, 0.014, 0.033, 0.021, 0.028, 0.022, 0.018, 0.01, 0.013, 0.042, 0.038, 0.209, 0.022]"
"245,448 of individual pieces of furniture  (sofa, love seat, chair, etc.) produced in N","[0.061, 0.022, 0.028, 0.029, 0.023, 0.021, 0.013, 0.045, 0.065, 0.045, 0.022, 0.027, 0.023, 0.034, 0.013, 0.03, 0.028, 0.107, 0.022, 0.031, 0.027, 0.039, 0.034, 0.05, 0.05, 0.036, 0.027]"
"868,000 sqft (includes four N. American  000","[0.071, 0.022, 0.062, 0.029, 0.026, 0.026, 0.011, 0.032, 0.101, 0.037, 0.031, 0.023, 0.036, 0.022, 0.017, 0.02, 0.024, 0.114, 0.019, 0.022, 0.021, 0.025, 0.038, 0.03, 0.041, 0.034, 0.015]"
"Statements, including those in this report, which are not  historical or current facts, are “forward-looking statements”  made pursuant to the safe harbor provisions of the  Private Securities Litigation Reform Act of 1995. There are  certain important factors that could cause our results to  differ materially from those anticipated by some of the  statements made herein. Investors are cautioned that all  forward-looking statements involve risk and uncertainty","[0.07, 0.01, 0.083, 0.028, 0.016, 0.027, 0.005, 0.02, 0.182, 0.028, 0.119, 0.015, 0.031, 0.028, 0.008, 0.02, 0.025, 0.028, 0.018, 0.018, 0.029, 0.031, 0.019, 0.015, 0.016, 0.026, 0.005]"
"For further information regarding risks and uncertainties,  see the “Risk Factors” section in Item 1A of our most recent  Annual Report on Form 10-K","[0.166, 0.034, 0.031, 0.027, 0.023, 0.061, 0.014, 0.051, 0.069, 0.025, 0.042, 0.006, 0.047, 0.017, 0.011, 0.024, 0.027, 0.023, 0.035, 0.029, 0.016, 0.033, 0.025, 0.055, 0.024, 0.016, 0.006]"
